Workbook

Sheet Book 1
A1: Date | B1: Task Refusal | C1: Notes
A2: 46023 | B2: 12 | C2: High refusal during transitions
A3: 46024 | B3: 11 | C3: Similar pattern
A4: 46025 | B4: 10 | C4: Slight improvement
A5: 46026 | B5: 9 | C5: Responded to visual schedule | E5: Metric | F5: Value
A6: 46027 | B6: 8 | C6: Fewer refusals in the morning | E6: Baseline Avg(Jan 1-3) | F6: =AVERAGE(B1:B4) -> 11
A7: 46030 | B7: 8 | C7: Consistent with last week | E7: Intervention Avg (Jan 4-12) | F7: =AVERAGE(B5:B11) -> 7
A8: 46031 | B8: 7 | C8: Reinforcement effective | E8: Percent Reduction | F8: =(F6-F7)/F6 -> 0.36363636
A9: 46032 | B9: 6 | C9: Improved compliance | E9: Total days | F9: =COUNTA(B2:B11) -> 10
A10: 46033 | B10: 6 | C10: Plateau
A11: 46034 | B11: 5 | C11: Best day so far
A13: Date | B13: Task Refusal | C13: Task Compliance
A14: ='Book 1'!A2 -> 46023 | B14: ='Book 1'!B2 -> 12 | C14: ='Book 1'!B26 -> 3
A15: ='Book 1'!A3 -> 46024 | B15: ='Book 1'!B3 -> 11 | C15: ='Book 1'!B27 -> 4
A16: ='Book 1'!A4 -> 46025 | B16: ='Book 1'!B4 -> 10 | C16: ='Book 1'!B28 -> 5
A17: ='Book 1'!A5 -> 46026 | B17: ='Book 1'!B5 -> 9 | C17: ='Book 1'!B29 -> 6
A18: ='Book 1'!A6 -> 46027 | B18: ='Book 1'!B6 -> 8 | C18: ='Book 1'!B30 -> 7
A19: ='Book 1'!A7 -> 46030 | B19: ='Book 1'!B7 -> 8 | C19: ='Book 1'!B31 -> 7
A20: ='Book 1'!A8 -> 46031 | B20: ='Book 1'!B8 -> 7 | C20: ='Book 1'!B32 -> 8
A21: ='Book 1'!A9 -> 46032 | B21: ='Book 1'!B9 -> 6 | C21: ='Book 1'!B33 -> 9
A22: ='Book 1'!A10 -> 46033 | B22: ='Book 1'!B10 -> 6 | C22: ='Book 1'!B34 -> 9
A23: ='Book 1'!A11 -> 46034 | B23: ='Book 1'!B11 -> 5 | C23: ='Book 1'!B35 -> 10
A25: Date | B25: Task Compliance
A26: 46023 | B26: 3
A27: 46024 | B27: 4
A28: 46025 | B28: 5
A29: 46026 | B29: 6
A30: 46027 | B30: 7
A31: 46030 | B31: 7
A32: 46031 | B32: 8
A33: 46032 | B33: 9
A34: 46033 | B34: 9
A35: 46034 | B35: 10
